Team Name,State,City,Time Zone,Longitude,Latitude,Football FBS Conference,Conference Level,Conference Flags,Team Fanbase Size,Team Brand Power 2025,Team Brand Power 2024,Team Brand Power 2023,Team Brand Power 2022,Total Football Followers,Team Enrollment,Total Alumni,Alumni Dispersion,2022 AP Ranking,2022 AP Strength Score,2023 AP Ranking,2023 AP Strength Score,2024 AP Ranking,2025 AP Strength Score,2025 AP Ranking,2025 AP Strength Score,2025 Wins,2024 Wins,2023 Wins,2022 Wins,2025 Talent,2024 Talent,2023 Talent,2022 Talent
Air Force Falcons,Colorado,USAF Academy,MST,-104.891358,39.010957,Mountain West Conference,Group of 5,,169250,42937.4,42937.4,42937.4,42937.4,128000,4124,37126,Very National (Top 10%),0,26,0,26,0,26,0,26,4,5,9,10,,0,0,0
Akron Zips,Ohio,Akron,EST,-81.511167,41.075923,Mid-American Conference,Group of 5,,238994,46746.084,46746.328,46709.208,46713.66,106400,13518,119076,Mostly In-State,0,26,0,26,0,26,0,26,5,4,2,2,537.21,537.82,445.02,456.15
Alabama Crimson Tide,Alabama,Tuscaloosa,CST,-87.545978,33.211875,Southeastern Conference,Power 4,SEC Present,3020030,866362.62,866372.512,866371.372,866371.916,2800000,39622,180408,Regional,5,21,5,21,11,15,11,15,10,9,12,11,993.55,1018.28,1015.43,1016.79
Appalachian State Mountaineers,North Carolina,Boone,EST,-81.680583,36.215536,Sun Belt Conference,Group of 5,,350312,79181.024,79166.624,79143.524,79119.164,208900,21253,120159,Mostly In-State,0,26,0,26,0,26,0,26,5,5,9,6,611.31,575.31,517.56,456.66
Arizona State Sun Devils,Arizona,Tempe,MST,-111.934383,33.417721,Big 12 Conference,Power 4,Big 12 Present,1196244,213239.108,213246.508,213216.228,213211.772,426800,79593,689851,National,0,26,0,26,10,16,0,26,8,11,3,3,738.52,757.02,681.32,670.18
Arizona Wildcats,Arizona,Tucson,MST,-110.950815,32.232672,Big 12 Conference,Power 4,Big 12 Present,599328,124013.548,124021.98,124027.704,124013.724,292600,53001,253727,Regional,0,26,14,12,0,26,21,5,9,4,10,5,651.62,672.7,687.01,652.06
Arkansas Razorbacks,Arkansas,Fayetteville,CST,-94.176981,36.070009,Southeastern Conference,Power 4,SEC Present,940080,248211.056,248213.668,248194.372,248198.424,753400,32140,154540,Regional,0,26,0,26,0,26,0,26,2,7,4,7,772.64,779.17,730.93,741.06
Arkansas State Red Wolves,Arkansas,Jonesboro,CST,-90.679988,35.842388,Sun Belt Conference,Group of 5,,199591,45858.808,45851.608,45817.26,45810.96,121300,14032,64259,Regional,0,26,0,26,0,26,0,26,6,8,6,3,591.27,573.27,487.4,471.65
Army Black Knights,New York,West  Point,EST,-73.956772,41.388988,American Conference,Group of 5,,336289,90489.164,90479.7,90479.7,90486.608,282000,4508,49781,Very National (Top 10%),0,26,0,26,19,7,0,26,6,12,6,6,23.66,0,0,17.27
Auburn Tigers,Alabama,Auburn,CST,-85.488258,32.599378,Southeastern Conference,Power 4,SEC Present,1114436,292801.836,292778.544,292753.476,292758.648,888500,33015,192921,National,0,26,0,26,0,26,0,26,5,5,6,5,891.84,833.61,770.94,783.87
Ball State Cardinals,Indiana,Muncie,EST,-85.409043,40.203431,Mid-American Conference,Group of 5,,254907,46972.84,46960.328,46936.116,46912.816,96200,20440,138267,Regional,0,26,0,26,0,26,0,26,4,3,4,5,495.35,464.07,403.54,345.29
Baylor Bears,Texas,Waco,CST,-97.121041,31.546872,Big 12 Conference,Power 4,Big 12 Present,511442,127797.12,127790.384,127777.8,127773.02,371400,20824,119218,Mostly In-State,0,26,0,26,0,26,0,26,5,8,3,6,726.3,709.46,678,666.05
Boise State Broncos,Idaho,Boise,MST,-116.203301,43.604284,Mountain West Conference,Group of 5,,460107,113361.96,113361.004,113349.652,113331.268,322200,26670,111237,Regional,0,26,0,26,8,18,0,26,9,12,8,10,610.65,608.26,579.88,533.92
Boston College Eagles,Massachusetts,Chestnut Hill,EST,-71.169242,42.336213,Atlantic Coast Conference,Power 4,ACC Present,348732,76701.248,76708.364,76701.292,76707.052,200200,15280,133252,National,0,26,0,26,0,26,0,26,2,7,7,3,650.12,667.91,650.23,664.63
Bowling Green Falcons,Ohio,Bowling Green,EST,-83.640896,41.375513,Mid-American Conference,Group of 5,,268433,52356.924,52339.804,52305.048,52312.032,118000,17027,133406,Mostly In-State,0,26,0,26,0,26,0,26,4,7,7,6,527.31,484.51,397.62,415.08
Buffalo Bulls,New York,Buffalo,EST,-78.789458,43.000942,Mid-American Conference,Group of 5,,302705,52604.732,52573.488,52517.836,52547.784,94700,31889,176116,Mostly In-State,0,26,0,26,0,26,0,26,5,9,3,7,513.33,435.22,296.09,370.96
BYU Cougars,Utah,Provo,MST,-111.649281,40.250851,Big 12 Conference,Power 4,Big 12 Present,651511,144858.244,144839.484,144829,144764.576,379700,35074,236737,Regional,0,26,0,26,17,9,12,14,11,11,5,8,649.36,602.46,576.25,415.19
California Golden Bears,California,Berkeley,PST,-122.260463,37.871918,Atlantic Coast Conference,Power 4,ACC Present,740801,119480.484,119470.952,119462.456,119451.324,202700,45699,492402,Regional,0,26,0,26,0,26,0,26,7,6,6,4,726.21,702.38,681.14,653.31
Central Michigan Chippewas,Michigan,Mount Pleasant,EST,-84.77525,43.591203,Mid-American Conference,Group of 5,,299352,56827.564,56821.988,56768.156,56788.892,126300,14399,158653,Mostly In-State,0,26,0,26,0,26,0,26,7,4,5,4,481.16,467.22,332.64,384.48
Charlotte 49ers,North Carolina,Charlotte,EST,-80.730919,35.306022,American Conference,Group of 5,,299755,53975.82,54024.612,53987.284,53960.196,103800,30298,165657,Highly Local,0,26,0,26,0,26,0,26,1,5,3,3,526.3,648.28,554.96,487.24
Cincinnati Bearcats,Ohio,Cincinnati,EST,-84.51428,39.131159,Big 12 Conference,Power 4,Big 12 Present,520853,110556.74,110564.036,110564.572,110559.456,269400,43338,208115,Mostly In-State,0,26,0,26,0,26,0,26,7,5,3,9,644.1,662.34,663.68,650.89
Clemson Tigers,South Carolina,Clemson,EST,-82.835114,34.679381,Atlantic Coast Conference,Power 4,ACC Present,1974890,559931.072,559933.552,559930.852,559940.9,1796000,28747,150143,Regional,10,16,0,26,13,13,0,26,7,10,9,11,918.43,924.63,917.88,943
Coastal Carolina Chanticleers,South Carolina,Conway,EST,-79.011767,33.794995,Sun Belt Conference,Group of 5,,256321,66279.352,66258.044,66241.276,66213.632,196600,10829,48892,Regional,0,26,0,26,0,26,0,26,6,6,8,9,610.88,557.61,515.69,446.58
Colorado Buffaloes,Colorado,Boulder,MST,-105.270823,40.008781,Big 12 Conference,Power 4,Big 12 Present,1779007,483105.98,483103.564,483088.648,483050.412,1503800,41432,233775,Regional,0,26,0,26,20,6,0,26,3,9,4,1,755.2,749.16,711.87,616.28
Colorado State Rams,Colorado,Fort Collins,MST,-105.080732,40.574805,Mountain West Conference,Group of 5,,407630,74406.484,74391.416,74338.584,74345.552,150300,33500,223830,Mostly In-State,0,26,0,26,0,26,0,26,2,8,5,3,583.71,546.04,413.96,431.38
Delaware Blue Hens,Delaware,Newark,EST,-75.752822,39.679577,Conference USA,Group of 5,,272570,48959.1,48959.1,48959.1,48959.1,96400,24221,151949,Regional,0,26,0,26,0,26,0,26,6,,,,,,,
Duke Blue Devils,North Carolina,Durham,EST,-78.937624,36.001135,Atlantic Coast Conference,Power 4,ACC Present,480659,113704.772,113691.456,113685.46,113678.692,318300,17112,145247,Very National (Top 10%),0,26,0,26,0,26,0,26,8,9,8,9,669.18,635.89,620.9,603.98
East Carolina Pirates,North Carolina,Greenville,EST,-77.368291,35.607186,American Conference,Group of 5,,366849,78208.02,78208.064,78188.976,78161.328,193000,26785,147064,Mostly In-State,0,26,0,26,0,26,0,26,8,8,2,8,611.55,611.66,563.94,494.82
Eastern Michigan Eagles,Michigan,Ypsilanti,EST,-83.627443,42.251675,Mid-American Conference,Group of 5,,254833,49544.86,49519.192,49466.528,49477.34,112500,13324,129009,Mostly In-State,0,26,0,26,0,26,0,26,4,5,6,9,572.9,508.73,377.07,404.1
Florida Atlantic Owls,Florida,Boca Raton,EST,-80.102978,26.372421,American Conference,Group of 5,,346277,67088.788,67083.564,67079.736,67066.904,145700,30790,169787,Mostly In-State,0,26,0,26,0,26,0,26,4,3,4,5,605.22,592.16,582.59,550.51
Florida Gators,Florida,Gainesville,EST,-82.347911,29.64629,Southeastern Conference,Power 4,SEC Present,1413087,344629.532,344627.796,344608.216,344612.88,987400,54814,370873,Regional,0,26,0,26,0,26,0,26,4,8,5,6,898.58,894.24,845.29,856.95
Florida International Panthers,Florida,Miami,EST,-80.373928,25.75732,Conference USA,Group of 5,,416110,70731.344,70708.056,70701.3,70690.184,117500,53953,244657,Highly Local,0,26,0,26,0,26,0,26,7,4,4,4,562.61,504.39,487.5,459.71
Florida State Seminoles,Florida,Tallahassee,EST,-84.295064,30.443147,Atlantic Coast Conference,Power 4,ACC Present,1334140,341828.78,341849.192,341803.532,341809.704,1018800,43234,272106,Mostly In-State,13,13,4,22,0,26,0,26,5,2,13,10,828.45,879.48,765.33,780.76
Fresno State Bulldogs,California,Fresno,PST,-119.744569,36.811154,Mountain West Conference,Group of 5,,332645,75557.836,75550.424,75545.22,75524.004,198300,23986,110359,Highly Local,0,26,0,26,0,26,0,26,8,6,9,10,586.84,568.31,555.3,502.26
Georgia Bulldogs,Georgia,Athens,EST,-83.374039,33.956262,Southeastern Conference,Power 4,SEC Present,2534454,718008.092,718009.656,717998.048,718002.804,2300000,41615,192839,Mostly In-State,1,25,6,20,2,24,2,24,12,11,13,15,1002.98,1006.89,977.87,989.76
Georgia Southern Eagles,Georgia,Statesboro,EST,-81.784045,32.426153,Sun Belt Conference,Group of 5,,276548,57908.692,57890.096,57845.576,57844.556,137100,26041,113407,Mostly In-State,0,26,0,26,0,26,0,26,6,8,6,6,574.48,527.99,416.69,414.14
Georgia State Panthers,Georgia,Atlanta,EST,-84.38667,33.7527,Sun Belt Conference,Group of 5,,377500,65652.188,65633.352,65607.268,65596.136,120800,34974,221726,Highly Local,0,26,0,26,0,26,0,26,1,3,7,4,611.97,564.88,499.67,471.84
Georgia Tech Yellow Jackets,Georgia,Atlanta,EST,-84.394832,33.77242,Atlantic Coast Conference,Power 4,ACC Present,542488,108989.624,108984.6,108987.74,108989.592,248300,47946,246242,National,0,26,0,26,0,26,24,2,9,7,7,5,715.56,703,710.85,715.48
Hawai'i Rainbow Warriors,Hawaii,Honolulu,HST,-157.818979,21.298598,Mountain West Conference,Group of 5,,263733,56851.38,56864.38,56822.008,56826.716,141800,19256,102677,Regional,0,26,0,26,0,26,0,26,8,5,5,3,481.2,513.7,407.77,419.54
Houston Cougars,Texas,Houston,CST,-95.343537,29.720393,Big 12 Conference,Power 4,Big 12 Present,540441,107114.396,107110.38,107119.8,107103.348,240700,46676,253065,Highly Local,0,26,0,26,0,26,0,26,9,4,4,8,656.74,646.7,670.25,629.12
Illinois Fighting Illini,Illinois,Champaign,CST,-88.229114,40.104718,Big Ten Conference,Power 4,Big 10 Present,759724,144413.552,144410.2,144401.08,144401.284,312600,56563,390561,Regional,0,26,0,26,21,5,0,26,8,10,5,8,662.13,653.75,630.95,631.46
Indiana Hoosiers,Indiana,Bloomington,EST,-86.526559,39.16609,Big Ten Conference,Power 4,Big 10 Present,601940,118924.836,118934.268,118937.728,118938.996,268600,47527,285813,National,0,26,0,26,9,17,1,25,13,11,3,4,645.34,668.92,677.57,680.74
Iowa Hawkeyes,Iowa,Iowa City,CST,-91.536425,41.661935,Big Ten Conference,Power 4,Big 10 Present,782878,198176,198181.404,198169.048,198164.792,583000,30042,169836,National,0,26,20,6,0,26,0,26,8,8,10,8,710,723.51,692.62,681.98
Iowa State Cyclones,Iowa,Ames,CST,-93.648504,42.026212,Big 12 Conference,Power 4,Big 12 Present,512724,114649.672,114646.948,114645.648,114626.272,300500,30177,182047,Regional,0,26,0,26,18,8,0,26,8,11,7,4,648.93,642.12,638.87,590.43
Jacksonville State Gamecocks,Alabama,Jacksonville,CST,-85.765321,33.822938,Conference USA,Group of 5,,110013,24276.472,24240.876,24159.408,24160.396,60500,9672,39841,Regional,0,26,0,26,0,26,0,26,8,9,9,,519.93,430.94,227.27,229.74
James Madison Dukes,Virginia,Harrisonburg,EST,-78.870484,38.436311,Sun Belt Conference,Group of 5,,348168,73956.412,73956.256,73851.212,73814.296,183400,22758,142010,Regional,0,26,24,2,0,26,0,26,12,9,11,8,459.53,459.14,196.53,104.24
Kansas Jayhawks,Kansas,Lawrence,CST,-95.247567,38.958549,Big 12 Conference,Power 4,Big 12 Present,492372,110839.928,110836.568,110810.872,110787.516,292400,28406,171566,Regional,0,26,0,26,0,26,19,7,5,5,9,6,705.32,696.92,632.68,574.29
Kansas State Wildcats,Kansas,Manhattan,CST,-96.581077,39.188648,Big 12 Conference,Power 4,Big 12 Present,446781,101814.94,101793.3,101779,101766.472,274400,19745,152636,Regional,11,15,0,26,0,26,0,26,6,9,9,10,705.85,651.75,616,584.68
Kennesaw State Owls,Georgia,Kennesaw,EST,-84.583052,34.038807,Conference USA,Group of 5,,277427,50065.148,50044.856,49953.136,49938.676,88400,45069,143958,Highly Local,0,26,0,26,0,26,0,26,10,2,,,338.87,288.14,58.84,22.69
Kent State Golden Flashes,Ohio,Kent,EST,-81.342533,41.146653,Mid-American Conference,Group of 5,,343007,63373.796,63365.42,63340.632,63346.076,131400,26106,185501,Mostly In-State,0,26,0,26,0,26,0,26,5,0,1,5,456.24,435.3,373.33,386.94
Kentucky Wildcats,Kentucky,Lexington,EST,-84.504747,38.038911,Southeastern Conference,Power 4,SEC Present,751125,187228.072,187238.144,187219.016,187217.732,542700,32703,175722,Regional,0,26,0,26,0,26,0,26,5,4,7,7,763.18,788.36,740.54,737.33
Liberty Flames,Virginia,Lynchburg,EST,-79.18222,37.350232,Conference USA,Group of 5,,527813,99267.748,99255.96,99160.216,99092.852,179700,103068,245045,Very National (Top 10%),0,26,18,8,0,26,0,26,4,8,13,8,599.12,569.65,330.29,161.88
Louisiana Ragin' Cajuns,Louisiana,Lafayette,CST,-92.020165,30.212191,Sun Belt Conference,Group of 5,,207929,44941.728,44928.756,44897.58,44890.66,111900,15345,80684,Mostly In-State,0,26,0,26,0,26,0,26,6,10,6,6,585.82,553.39,475.45,458.15
Louisiana Tech Bulldogs,Louisiana,Ruston,CST,-92.649963,32.528297,Conference USA,Group of 5,,181013,41621.4,41637.488,41597.488,41613.504,110900,11427,58686,Regional,0,26,0,26,0,26,0,26,7,5,3,3,493.5,533.72,433.72,473.76
Louisville Cardinals,Kentucky,Louisville,EST,-85.760412,38.216862,Atlantic Coast Conference,Power 4,ACC Present,543948,137309.008,137324.412,137326.364,137278.868,402100,22139,119709,Regional,0,26,16,10,0,26,0,26,8,9,10,8,700.77,739.28,744.16,625.42
LSU Tigers,Louisiana,Baton Rouge,CST,-91.178921,30.414986,Southeastern Conference,Power 4,SEC Present,2453583,689668.12,689662.576,689659.824,689649.144,2200000,39418,214165,Regional,16,10,13,13,0,26,0,26,7,9,10,10,920.05,906.19,899.31,872.61
Marshall Thundering Herd,West Virginia,Huntington,EST,-82.428964,38.422482,Sun Belt Conference,Group of 5,,222187,53997.656,53996.288,53952.836,53943.52,152200,11027,58960,National,0,26,0,26,0,26,0,26,5,10,6,9,590.64,587.22,478.59,455.3
Maryland Terrapins,Maryland,College Park,EST,-76.944721,38.988178,Big Ten Conference,Power 4,Big 10 Present,565580,105722.124,105720.636,105716.7,105714.488,243000,2844,319736,Regional,0,26,0,26,0,26,0,26,4,4,8,8,699.31,695.59,685.75,680.22
Massachusetts Minutemen,Massachusetts,Amherst,EST,-72.526728,42.385999,Mid-American Conference,Group of 5,,313562,51512.692,51551.428,51543.46,51434.056,83900,31810,197852,Regional,0,26,0,26,0,26,0,26,0,2,3,1,488.73,585.57,565.65,292.14
Memphis Tigers,Tennessee,Memphis,CST,-89.938068,35.118878,American Conference,Group of 5,,338354,76676.452,76662.376,76659.744,76622.304,202000,21736,114618,Mostly In-State,0,26,0,26,25,1,0,26,8,11,10,7,668.63,633.44,626.86,533.26
Miami (OH) Redhawks,Ohio,Oxford,EST,-84.732954,39.507757,Mid-American Conference,Group of 5,,335158,64054.44,64019.72,63980.864,63976.504,142200,18618,174340,Regional,0,26,0,26,0,26,0,26,7,9,11,6,592.1,505.3,408.16,397.26
Miami (OH) RedHawks,Ohio,Oxford,EST,-84.732954,39.507757,Mid-American Conference,Group of 5,,335158,64054.44,64019.72,63980.864,63976.504,142200,18618,174340,Regional,0,26,0,26,0,26,0,26,7,9,11,6,592.1,505.3,408.16,397.26
Miami Hurricanes,Florida,Coral Gables,EST,-80.278662,25.72126,Atlantic Coast Conference,Power 4,ACC Present,921559,248825.028,248822.46,248819.308,248817.088,771800,19593,130166,Regional,0,26,0,26,15,11,10,16,10,10,7,5,874.57,868.15,860.27,854.72
Michigan State Spartans,Michigan,East Lansing,EST,-84.476111,42.73212,Big Ten Conference,Power 4,Big 10 Present,1212080,290386.568,290388.3,290398.536,290377.164,818800,51316,341964,Regional,0,26,0,26,0,26,0,26,4,5,4,5,717.42,721.75,747.34,693.91
Michigan Wolverines,Michigan,Ann Arbor,EST,-83.73481,42.278374,Big Ten Conference,Power 4,Big 10 Present,2224044,586553.788,586534.584,586531.072,586529.796,1792900,52065,379079,National,2,24,1,25,0,26,18,8,9,8,15,13,907.22,859.21,850.43,847.24
Middle Tennessee Blue Raiders,Tennessee,Murfreesboro,CST,-86.360618,35.848005,Conference USA,Group of 5,,257035,50470.02,50463.172,50456.992,50431.972,112700,20183,124152,Mostly In-State,0,26,0,26,0,26,0,26,3,3,4,8,520.55,503.43,487.98,425.43
Middle Tennessee State Blue Raiders,Tennessee,Murfreesboro,CST,-86.360618,35.848005,Conference USA,Group of 5,,257035,50470.02,50463.172,50456.992,50431.972,112700,20183,124152,Mostly In-State,0,26,0,26,0,26,0,26,3,3,4,8,520.55,503.43,487.98,425.43
Minnesota Golden Gophers,Minnesota,Minneapolis,CST,-93.235464,44.972851,Big Ten Conference,Power 4,Big 10 Present,639752,132294.616,132292.288,132266.384,132269.972,335500,9350,294902,Mostly In-State,0,26,0,26,0,26,0,26,7,8,6,9,711.04,705.22,640.46,649.43
Mississippi State Bulldogs,Mississippi,Mississippi State,CST,-88.790139,33.454852,Southeastern Conference,Power 4,SEC Present,675067,177160.592,177149.908,177150.916,177142.62,535400,22657,117010,National,24,2,0,26,0,26,0,26,5,2,5,9,770.48,743.77,746.29,725.55
Missouri State Bears,Missouri,Springfield,CST,-93.281281,37.199258,Conference USA,Group of 5,,198638,34116.04,33945.6,34038.844,34046.012,58700,23418,116520,Mostly In-State,0,26,0,26,0,26,0,26,7,,,,426.1,,233.11,251.03
Missouri Tigers,Missouri,Columbia,CST,-92.328843,38.94531,Southeastern Conference,Power 4,SEC Present,626860,146069.208,146070.244,146049.46,146033.444,399800,31013,196047,Regional,0,26,9,17,23,3,25,1,8,10,11,6,804.77,807.36,755.4,715.36
Navy Midshipmen,Maryland,Annapolis,EST,-76.481692,38.980507,American Conference,Group of 5,,288259,76392.4,76392.4,76392.4,76392.4,235600,4465,48194,Very National (Top 10%),0,26,0,26,0,26,22,4,9,10,5,4,,0,0,0
NC State Wolfpack,North Carolina,Raleigh,EST,-78.674517,35.785111,Atlantic Coast Conference,Power 4,ACC Present,638259,141821.204,141827.164,141818.54,141812.676,369900,37323,231036,Mostly In-State,25,1,19,7,0,26,0,26,7,6,9,8,707.51,722.41,700.85,686.19
Nebraska Cornhuskers,Nebraska,Lincoln,CST,-96.700508,40.817598,Big Ten Conference,Power 4,Big 10 Present,850013,222751.356,222738.968,222728.88,222723.648,679600,15015,155398,Regional,0,26,0,26,0,26,0,26,7,7,5,4,821.39,790.42,765.2,752.12
Nevada Wolf Pack,Nevada,Reno,PST,-119.815377,39.543642,Mountain West Conference,Group of 5,,243851,51429.976,51444.588,51422.628,51401.076,118700,31094,94057,Regional,0,26,0,26,0,26,0,26,3,3,2,2,488.69,525.22,470.32,416.44
New Mexico Lobos,New Mexico,Albuquerque,MST,-106.620155,35.083868,Mountain West Conference,Group of 5,,216512,41572.72,41607.036,41571.34,41546.316,87500,22700,106312,Regional,0,26,0,26,0,26,0,26,9,5,4,2,378.8,464.59,375.35,312.79
New Mexico State Aggies,New Mexico,Las Cruces,MST,-106.752069,32.281568,Conference USA,Group of 5,,161267,31332.76,31319.68,31323.196,31247.348,71800,6849,82618,National,0,26,0,26,0,26,0,26,4,3,10,7,402.9,370.2,378.99,189.37
North Carolina Tar Heels,North Carolina,Chapel Hill,EST,-79.050969,35.911769,Atlantic Coast Conference,Power 4,ACC Present,822066,199611.28,199627.996,199632.252,199635.176,569400,32234,220432,Regional,0,26,0,26,0,26,0,26,4,6,8,9,753.2,794.99,805.63,812.94
North Texas Mean Green,Texas,Denton,CST,-97.148422,33.211178,American Conference,Group of 5,,410879,70226.26,70236.768,70188.352,70200.588,120800,47507,242572,Highly Local,0,26,0,26,0,26,23,3,11,6,5,7,569.15,595.42,474.38,504.97
Northern Illinois Huskies,Illinois,Dekalb,CST,-88.766428,41.933869,Mid-American Conference,Group of 5,,289341,52672.904,52659.38,52625.444,52648.444,110000,15504,163837,Mostly In-State,0,26,0,26,0,26,0,26,3,8,7,3,471.01,437.2,352.36,409.86
Northwestern Wildcats,Illinois,Evanston,CST,-87.679858,42.050356,Big Ten Conference,Power 4,Big 10 Present,337334,62044.888,62044.012,62036.852,62035.092,128600,23203,185531,National,0,26,0,26,0,26,0,26,6,4,8,1,677.97,675.78,657.88,653.48
Notre Dame Fighting Irish,Indiana,Notre Dame,EST,-86.238959,41.703058,Independent,Group of 5,,1402452,398307.444,398304.808,398290.88,398289.192,1281900,13174,107378,Very National (Top 10%),19,7,15,11,3,23,9,17,10,14,10,9,912.11,905.52,870.7,866.48
Ohio Bobcats,Ohio,Athens,EST,-82.100985,39.326798,Mid-American Conference,Group of 5,,337322,61053.896,61046.12,61002.94,61012.196,123200,24937,189185,Regional,0,26,0,26,0,26,0,26,8,11,10,10,469.99,450.55,342.6,365.74
Ohio State Buckeyes,Ohio,Columbus,EST,-83.007525,39.999803,Big Ten Conference,Power 4,Big 10 Present,2658064,715720.476,715730.448,715720.916,715724.256,2217600,60046,380418,Regional,4,22,7,19,6,20,3,23,12,14,11,11,973.69,998.62,974.79,983.14
Oklahoma Sooners,Oklahoma,Norman,CST,-97.444211,35.209407,Southeastern Conference,Power 4,SEC Present,1582716,437499.136,437508.744,437500.088,437494.236,1379800,29145,173771,Regional,0,26,12,14,0,26,8,18,10,6,10,6,882.59,906.61,884.97,870.34
Oklahoma State Cowboys,Oklahoma,Stillwater,CST,-97.069743,36.123085,Big 12 Conference,Power 4,Big 12 Present,588475,138672.896,138666.904,138651.716,138660.012,384700,26043,177732,Regional,0,26,22,4,0,26,0,26,1,3,10,7,702.74,687.76,649.79,670.53
Old Dominion Monarchs,Virginia,Norfolk,EST,-76.30666,36.886418,Sun Belt Conference,Group of 5,,275573,53942.38,53922.964,53888.668,53926.624,119700,22541,133332,Mostly In-State,0,26,0,26,0,26,0,26,9,5,6,3,477.45,428.91,343.17,438.06
Ole Miss Rebels,Mississippi,University,CST,-89.537434,34.365529,Southeastern Conference,Power 4,SEC Present,804538,217863.344,217858.764,217840.516,217841.056,673400,24043,107095,National,0,26,11,15,16,10,6,20,11,10,11,8,813.11,801.66,756.04,757.39
Oregon Ducks,Oregon,Eugene,PST,-123.075792,44.045146,Big Ten Conference,Power 4,Big 10 Present,1020865,273241.588,273231.784,273214.996,273216.272,842000,23786,155079,Regional,15,11,8,18,1,25,5,21,11,13,12,10,941.22,916.71,874.74,877.93
Oregon State Beavers,Oregon,Corvallis,PST,-123.274723,44.56395,Pac-12 Conference,Group of 5,,469990,102408.396,102391.988,102402.464,102395.552,257900,35622,176468,Regional,17,9,21,5,0,26,0,26,2,5,8,10,667.99,626.97,653.16,635.88
Penn State Nittany Lions,Pennsylvania,University Park,EST,-77.862848,40.7965,Big Ten Conference,Power 4,Big 10 Present,1744232,413807.268,413801.224,413786.324,413775.276,1169900,50399,523933,National,9,17,10,16,5,21,0,26,6,13,10,11,910.42,895.31,858.06,830.44
Pittsburgh Panthers,Pennsylvania,Pittsburgh,EST,-79.953254,40.444388,Atlantic Coast Conference,Power 4,ACC Present,528844,118609.384,118622.396,118617.068,118598.724,310000,34525,184319,Regional,0,26,0,26,0,26,0,26,8,7,3,9,681.21,713.74,700.42,654.56
Purdue Boilermakers,Indiana,West Lafayette,EST,-86.914435,40.428206,Big Ten Conference,Power 4,Big 10 Present,635226,119185.096,119205.572,119178.44,119168.432,272500,8874,353852,National,0,26,0,26,0,26,0,26,2,1,4,8,687.74,738.93,671.1,646.08
Rice Owls,Texas,Houston,CST,-95.402035,29.717897,American Conference,Group of 5,,184646,41172.224,41175.56,41146.912,41136.972,108200,8556,67890,Regional,0,26,0,26,0,26,0,26,5,4,6,5,530.06,538.4,466.78,441.93
Rutgers Scarlet Knights,New Jersey,New Brunswick,EST,-74.446251,40.498769,Big Ten Conference,Power 4,Big 10 Present,612047,125622.088,125611.82,125600.94,125598.988,295400,50617,266030,Regional,0,26,0,26,0,26,0,26,5,7,7,4,689.22,663.55,636.35,631.47
Sam Houston Bearkats,Texas,Huntsville,CST,-95.546205,30.714738,Conference USA,Group of 5,,218738,39845.04,39849.312,39750.268,39734.124,78200,21403,119135,Highly Local,0,26,0,26,0,26,0,26,2,10,3,,477.35,488.03,240.42,200.06
San Diego State Aztecs,California,San Diego,PST,-117.071228,32.77525,Mountain West Conference,Group of 5,,444818,75643.608,75649.48,75581.96,75554.816,135000,39241,270577,Mostly In-State,0,26,0,26,0,26,0,26,9,3,4,7,594.27,608.95,440.15,372.29
San Jose State Spartans,California,San Jose,PST,-121.880621,37.336569,Mountain West Conference,Group of 5,,424966,67651.964,67634.916,67648.332,67609.98,106700,36062,282204,Mostly In-State,0,26,0,26,0,26,0,26,3,7,7,7,522.91,480.29,513.83,417.95
San Jos√© State Spartans,California,San Jose,PST,-121.880621,37.336569,Mountain West Conference,Group of 5,,424966,67651.964,67634.916,67648.332,67609.98,106700,36062,282204,Mostly In-State,0,26,0,26,0,26,0,26,3,7,7,7,522.91,480.29,513.83,417.95
SMU Mustangs,Texas,Dallas,CST,-96.783365,32.843612,Atlantic Coast Conference,Power 4,ACC Present,315136,73124.468,73133.088,73103.484,73057.196,200600,11842,102694,Regional,0,26,17,9,12,14,0,26,8,11,11,7,766.67,788.22,714.21,598.49
South Alabama Jaguars,Alabama,Mobile,CST,-88.178711,30.696033,Sun Belt Conference,Group of 5,,180043,40059.048,40063.008,40059.372,40027.636,102300,13768,63975,Regional,0,26,0,26,0,26,0,26,4,7,7,10,544.87,554.77,545.68,466.34
South Carolina Gamecocks,South Carolina,Columbia,EST,-81.026935,33.996788,Southeastern Conference,Power 4,SEC Present,1079231,282754.304,282740.272,282726.208,282726.052,854200,36579,188452,Regional,20,6,0,26,14,12,0,26,4,9,5,8,833.26,798.18,763.02,762.63
South Florida Bulls,Florida,Tampa,EST,-82.413232,28.061458,American Conference,Group of 5,,576371,115021.056,115010.708,115003.456,114984.028,261300,48572,266499,Mostly In-State,0,26,0,26,0,26,0,26,9,7,7,1,666.89,641.02,622.89,574.32
Southern Miss Golden Eagles,Mississippi,Hattiesburg,CST,-89.331236,31.32661,Sun Belt Conference,Group of 5,,229674,51159.412,51144.604,51088.484,51109.988,133200,13110,83364,Regional,0,26,0,26,0,26,0,26,7,1,3,7,602.53,565.51,425.21,478.97
Stanford Cardinal,California,Stanford,PST,-122.167359,37.429434,Atlantic Coast Conference,Power 4,ACC Present,582201,105767.608,105772.472,105768.812,105787.824,227100,18446,336655,National,0,26,0,26,0,26,0,26,4,3,3,3,707.27,719.43,710.28,757.81
Stephen F. Austin Lumberjacks,Texas,Nacogdoches,CST,-94.64908,31.621056,Atlantic Coast Conference,Power 4,ACC Present,82788,23747.6,23747.6,23816.516,23799.988,71900,10888,,,0,26,0,26,0,26,0,26,,,,,,,172.29,130.97
Syracuse Orange,New York,Syracuse,EST,-76.133989,43.036644,Atlantic Coast Conference,Power 4,ACC Present,443448,98930.732,98919.036,98883.9,98875.744,260000,22948,160500,National,0,26,0,26,22,4,0,26,3,10,6,7,727.83,698.59,610.75,590.36
Tarleton State Texans,Texas,Stephenville,CST,-98.219039,32.217805,Atlantic Coast Conference,Power 4,ACC Present,93537,26467.4,26467.4,26467.4,26467.4,77600,15937,,,0,26,0,26,0,26,0,26,,,,,,,,
TCU Horned Frogs,Texas,Fort Worth,CST,-97.364758,32.70961,Big 12 Conference,Power 4,Big 12 Present,384738,98710.304,98718.9,98719.6,98697.12,293300,12785,78653,Mostly In-State,3,23,0,26,0,26,0,26,8,9,5,13,745.01,766.5,768.25,712.05
Temple Owls,Pennsylvania,Philadelphia,EST,-75.156859,39.980546,American Conference,Group of 5,,372579,69181.564,69191.384,69200.188,69180.592,143500,30205,198874,Mostly In-State,0,26,0,26,0,26,0,26,5,3,3,3,507.91,532.46,554.47,505.48
Tennessee Volunteers,Tennessee,Knoxville,EST,-83.925852,35.952082,Southeastern Conference,Power 4,SEC Present,1887750,525632.028,525628.868,525613.828,525591.32,1664400,36304,187046,Mostly In-State,6,20,25,1,7,19,0,26,8,10,9,11,866.57,858.67,821.07,764.8
Texas A&M Aggies,Texas,College Station,CST,-96.336475,30.618726,Southeastern Conference,Power 4,SEC Present,1466900,299200.216,299199.108,299203.668,299212.22,722400,76633,667867,Regional,0,26,0,26,0,26,7,19,11,8,7,5,917.29,914.52,925.92,947.3
Texas Longhorns,Texas,Austin,CST,-97.738273,30.282825,Southeastern Conference,Power 4,SEC Present,2122172,537274.816,537266.98,537250.696,537240.38,1596800,53082,472290,Regional,21,5,3,23,4,22,14,12,9,13,12,8,973.54,953.95,913.24,887.45
Texas State Bobcats,Texas,San Marcos,CST,-97.943029,29.888885,Sun Belt Conference,Group of 5,,379946,69891.664,69862.868,69840.716,69832.664,138900,38722,202324,Highly Local,0,26,0,26,0,26,0,26,6,8,8,4,612.16,540.17,484.79,464.66
Texas Tech Red Raiders,Texas,Lubbock,CST,-101.874783,33.583448,Big 12 Conference,Power 4,Big 12 Present,662427,153862.996,153852.828,153837.704,153824.124,416200,40773,205454,Highly Local,0,26,0,26,0,26,4,22,12,8,7,8,757.49,732.07,694.26,660.31
Toledo Rockets,Ohio,Toledo,EST,-83.614714,41.660572,Mid-American Conference,Group of 5,,271013,58023.252,58003.968,57974.256,57974.792,145900,14939,110174,Regional,0,26,0,26,0,26,0,26,8,8,11,9,620.13,571.92,497.64,498.98
Troy Trojans,Alabama,Troy,CST,-85.95802,31.799583,Sun Belt Conference,Group of 5,,223424,47979.448,47954.524,47936.324,47940.42,120100,13923,89401,National,23,3,0,26,0,26,0,26,8,4,11,12,561.87,499.56,454.06,464.3
Tulane Green Wave,Louisiana,New Orleans,CST,-90.122144,29.940069,American Conference,Group of 5,,255720,58960.148,58961.428,58914.88,58908.544,159100,13078,83542,Very National (Top 10%),14,12,23,3,0,26,17,9,11,9,11,12,650.87,654.07,537.7,521.86
Tulsa Golden Hurricane,Oklahoma,Tulsa,CST,-95.945941,36.152324,American Conference,Group of 5,,121780,29491.812,29476.584,29461.992,29448.248,83600,3559,34621,National,0,26,0,26,0,26,0,26,4,3,4,5,594.78,556.71,520.23,485.87
UAB Blazers,Alabama,Birmingham,CST,-86.799345,33.505697,American Conference,Group of 5,,261727,54625.072,54641.992,54598.084,54586.22,130600,21160,109967,Regional,0,26,0,26,0,26,0,26,4,3,4,7,540.93,583.23,473.46,443.8
UCF Knights,Florida,Orlando,EST,-81.200889,28.602159,Big 12 Conference,Power 4,Big 12 Present,833967,181203.996,181218.52,181181.588,181174.464,453000,69233,311734,Mostly In-State,0,26,0,26,0,26,0,26,5,4,6,9,709.99,746.3,653.97,636.16
UCLA Bruins,California,Los Angeles,PST,-118.442179,34.07178,Big Ten Conference,Power 4,Big 10 Present,1025662,184300.648,184297.548,184295.04,184287.32,383800,46678,595184,Regional,18,8,0,26,0,26,0,26,3,5,8,9,766.62,758.87,752.6,733.3
UConn Huskies,Connecticut,Storrs,EST,-72.249948,41.809098,Independent,Group of 5,,341499,65573.548,65561.464,65540.276,65441.968,142300,27364,171835,Regional,0,26,0,26,0,26,0,26,9,9,3,6,568.12,537.91,484.94,239.17
UL Monroe Warhawks,Louisiana,Monroe,CST,-92.07374,32.527748,Sun Belt Conference,Group of 5,,107679,24664.436,24606.872,24609.588,24614.512,64400,8272,35007,Regional,0,26,0,26,0,26,0,26,3,5,2,4,473.34,329.43,336.22,348.53
UNLV Rebels,Nevada,Las Vegas,PST,-115.138462,36.106047,Mountain West Conference,Group of 5,,334621,69360.116,69309.964,69221.684,69227.216,167200,21778,145643,Mostly In-State,0,26,0,26,24,2,0,26,10,11,9,5,700.54,575.16,354.46,368.29
USC Trojans,California,Los Angeles,PST,-118.284169,34.021281,Big Ten Conference,Power 4,Big 10 Present,851279,175661.612,175667.836,175681.164,175666.648,427400,47147,376732,Regional,8,18,0,26,0,26,16,10,9,7,8,11,847.53,863.09,896.41,860.12
Utah State Aggies,Utah,Logan,MST,-111.81391,41.740748,Mountain West Conference,Group of 5,,260994,52787.136,52803.124,52760.096,52734.248,118400,28063,114531,Mostly In-State,0,26,0,26,0,26,0,26,6,4,6,6,503.59,543.56,435.99,371.37
Utah Utes,Utah,Salt Lake City,MST,-111.846044,40.762484,Big 12 Conference,Power 4,Big 12 Present,643202,153909.344,153924.284,153915.22,153908.248,428900,35260,179042,Mostly In-State,7,19,0,26,0,26,15,11,10,5,8,10,707.86,745.21,722.55,705.12
UTEP Miners,Texas,San Antonio,CST,-98.620657,29.583709,Conference USA,Group of 5,,210562,41663.352,41624.988,41594.456,41558.356,84500,34864,91198,Mostly In-State,0,26,0,26,0,26,0,26,2,3,3,5,551.88,455.97,379.64,289.39
UTSA Roadrunners,Texas,El Paso,CST,-106.504098,31.77015,American Conference,Group of 5,,332642,65704.136,65697.044,65669.108,65645.604,148700,24351,159591,Highly Local,22,4,0,26,0,26,0,26,6,7,9,11,662.09,644.36,574.52,515.76
Vanderbilt Commodores,Tennessee,Nashville,CST,-86.803369,36.14659,Southeastern Conference,Power 4,SEC Present,336649,79744.668,79748.884,79726.452,79722.404,222300,13456,100893,Very National (Top 10%),0,26,0,26,0,26,13,13,10,7,2,5,685.42,695.96,639.88,629.76
Virginia Cavaliers,Virginia,Charlottesville,EST,-78.503428,38.035665,Atlantic Coast Conference,Power 4,ACC Present,401589,82497.996,82496.212,82480.38,82481.676,197400,25924,178265,National,0,26,0,26,0,26,20,6,10,5,3,3,666.74,662.28,622.7,625.94
Virginia Tech Hokies,Virginia,Blacksburg,EST,-80.423675,37.229012,Atlantic Coast Conference,Power 4,ACC Present,682334,156927.676,156920.968,156898.356,156899.14,422900,38294,221140,Regional,0,26,0,26,0,26,0,26,3,6,7,3,712.19,695.42,638.89,640.85
Wake Forest Demon Deacons,North Carolina,Winston-Salem,EST,-80.277446,36.133609,Atlantic Coast Conference,Power 4,ACC Present,234823,58545.264,58548.58,58535.872,58524.568,169500,9121,56202,National,0,26,0,26,0,26,0,26,8,4,4,8,627.16,635.45,603.68,575.42
Washington Huskies,Washington,Seattle,PST,-122.30514,47.65538,Big Ten Conference,Power 4,Big 10 Present,916536,191763.824,191772.044,191776.048,191780.288,471300,55620,389616,Regional,12,14,2,24,0,26,0,26,8,6,14,11,720.56,741.11,751.12,761.72
Washington State Cougars,Washington,Pullman,PST,-117.158168,46.730448,Pac-12 Conference,Group of 5,,425607,92877.484,92893.916,92879.012,92878.076,237200,26490,161917,Mostly In-State,0,26,0,26,0,26,0,26,6,8,5,7,569.46,610.54,573.28,570.94
West Virginia Mountaineers,West Virginia,Morgantown,EST,-79.954391,39.634371,Big 12 Conference,Power 4,Big 12 Present,730508,184835.732,184844.76,184837.292,184835.828,545500,24200,160808,National,0,26,0,26,0,26,0,26,4,6,9,5,662.33,684.9,666.23,662.57
Western Kentucky Hilltoppers,Kentucky,Bowling Green,CST,-86.456828,36.985035,Conference USA,Group of 5,,227666,48907.044,48890.052,48879.004,48880.756,121200,16759,89707,Regional,0,26,0,26,0,26,0,26,8,8,8,9,561.36,518.88,491.26,495.64
Western Michigan Broncos,Michigan,Kalamazoo,EST,-85.613759,42.282194,Mid-American Conference,Group of 5,,306363,60879.34,60884.476,60826.328,60845.556,141800,16693,147870,Mostly In-State,0,26,0,26,0,26,0,26,9,6,4,5,534.35,547.19,401.82,449.89
Wisconsin Badgers,Wisconsin,Madison,CST,-89.404098,43.075409,Big Ten Conference,Power 4,Big 10 Present,1077861,257091.868,257095.14,257083.252,257084.376,720200,49605,308056,National,0,26,0,26,0,26,0,26,4,5,7,7,763.17,771.35,741.63,744.44
Wyoming Cowboys,Wyoming,Laramie,MST,-105.57931,41.311773,Mountain West Conference,Group of 5,,236451,58832.132,58818.58,58771.8,58753.212,169500,10913,56038,National,0,26,0,26,0,26,0,26,4,3,9,7,489.33,455.45,338.5,292.03